,word
0,STARE
1,RATES
2,ALTER
3,ALERT
4,LATER
5,SNARE
6,LASER
7,RAISE
8,ARISE
9,RENAL
10,LEARN
11,ARIEL
12,STORE
13,STERN
14,TENOR
15,YEARS
16,TREAD
17,TRADE
18,YEARN
19,INTER
20,INERT
21,EARTH
22,HEART
23,STALE
24,TESLA
25,SLATE
26,LEAST
27,STEAL
28,TALES
29,REACT
30,CRATE
31,TRACE
32,CATER
33,CARTE
34,EARLY
35,LAYER
36,RELAY
37,LITRE
38,SNORE
39,ROLES
40,LOSER
41,RINSE
42,RESIN
43,SIREN
44,SHEAR
45,SHARE
46,ADORE
47,SCARE
48,ENTRY
49,CRANE
50,LINER
51,TAKER
52,MATER
53,YEAST
54,CLEAR
55,ALONE
56,TAPER
57,GRATE
58,GREAT
59,AISLE
60,ERICA
61,ALIEN
62,CREST
63,SMEAR
64,NOTES
65,ONSET
66,STONE
67,TREND
68,PARSE
69,SPEAR
70,SPARE
71,OTHER
72,DATES
73,STEAD
74,READY
75,OUTER
76,ROUTE
77,TIRED
78,OPERA
79,STEIN
80,TUNER
81,HASTE
82,ANGER
83,RANGE
84,THEIR
85,CASTE
86,REALM
87,AVERT
88,AFTER
89,RILEY
90,PEARL
91,WATER
92,LARGE
93,GLARE
94,HORSE
95,SHORE
96,DELTA
97,SCORE
98,ENACT
99,SABRE
100,BEARS
101,DRONE
102,INLET
103,EUROS
104,ROUSE
105,NURSE
106,SHIRE
107,SAVER
108,SEDAN
109,RULES
110,SAFER
111,NOISE
112,SWEAR
113,DINER
114,METRO
115,EXTRA
116,DEALS
117,LEADS
118,CADRE
119,CEDAR
120,RAVEN
121,ASIDE
122,LINES
123,SHALE
124,LEASH
125,REACH
126,STEAK
127,SKATE
128,STAKE
129,STYLE
130,STEAM
131,URINE
132,ROAST
133,SCALE
134,TRANS
135,MERIT
136,MITRE
137,TIMER
138,REMIT
139,LADEN
140,CANOE
141,OCEAN
142,PASTE
143,RELIC
144,STAGE
145,FERAL
146,FLARE
147,GATES
148,REPAY
149,PAYER
150,TIGER
151,EATER
152,TERRA
153,RATER
154,TREAT
155,MORES
156,MORSE
157,LANCE
158,CLEAN
159,STAIR
160,IDEAL
161,PROSE
162,AGENT
163,METAL
164,BRENT
165,PETAL
166,PLATE
167,RATIO
168,SKIER
169,STREW
170,TRAIN
171,PRONE
172,THOSE
173,ETHOS
174,PRISE
175,SEARS
176,ERASE
177,HENRY
178,DRAKE
179,VOTER
180,OVERT
181,BEAST
182,BATES
183,RELAX
184,ARMED
185,DREAM
186,SCENT
187,SNEAK
188,SNAKE
189,TRIAL
190,TRAIL
191,MEANS
192,NAMES
193,SONAR
194,ARSON
195,TOWER
196,TRIBE
197,DRAPE
198,PADRE
199,MINER
200,GRADE
201,ASPEN
202,RIPEN
203,LAKES
204,REIGN
205,MEALS
206,SOLAR
207,CREAM
208,ARENA
209,STAVE
210,SOBER
211,TRUCE
212,FEAST
213,LAPSE
214,WASTE
215,SWEAT
216,RECAP
217,HOTEL
218,GRACE
219,WEARY
220,SUITE
221,DEATH
222,PERIL
223,WRITE
224,SHRED
225,AEGIS
226,ARGUE
227,CADET
228,TABLE
229,STRAY
230,ANKLE
231,THINE
232,DELAY
233,WORSE
234,PLANE
235,ANIME
236,PENAL
237,TEACH
238,ANGLE
239,ANGEL
240,GLEAN
241,CHEAT
242,HORDE
243,UNITE
244,CODER
245,USHER
246,FETAL
247,ALIKE
248,BREAD
249,BEARD
250,EMAIL
251,ACUTE
252,CURSE
253,UNDER
254,OWNER
255,CHORE
256,AGILE
257,TREES
258,STEER
259,RESET
260,STOKE
261,HEADS
262,SHADE
263,REHAB
264,TEXAS
265,CLOSE
266,SNORT
267,LOVER
268,BRACE
269,SHINE
270,LOUSE
271,SLIDE
272,CIDER
273,LOWER
274,SINCE
275,RETRO
276,OTTER
277,CHASE
278,ENTER
279,INFER
280,TOKEN
281,MAKER
282,MONTE
283,CLONE
284,SLAVE
285,TIMES
286,CRAVE
287,CARVE
288,DANCE
289,SLICE
290,REPLY
291,ULCER
292,CRUEL
293,FALSE
294,FARCE
295,MARGE
296,LIVER
297,SAUCE
298,CAUSE
299,WALES
300,SPITE
301,ERUPT
302,TRASH
303,FILER
304,FLIER
305,RIFLE
306,MOTEL
307,ASSET
308,TASTE
309,STATE
310,TEASE
311,GRAPE
312,PAGER
313,LATEX
314,EXALT
315,DEITY
316,ADEPT
317,SUTRA
318,INTRO
319,TORAH
320,LEACH
321,NAIVE
322,INEPT
323,ROSES
324,ACTOR
325,ROYAL
326,SLANT
327,SNEER
328,TRIAD
329,PEDRO
330,SERUM
331,STAIN
332,SAINT
333,ALIVE
334,RAINY
335,HOMER
336,BERTH
337,SUPER
338,PURSE
339,SURGE
340,STOVE
341,BAKER
342,BRAKE
343,BREAK
344,DECRY
345,ROADS
346,AMBER
347,ULTRA
348,SLOPE
349,BRUTE
350,REBUT
351,FOYER
352,SPADE
353,MINES
354,BARGE
355,CHEST
356,SHAKE
357,CRAZE
358,POISE
359,SHAME
360,PRIDE
361,ROGUE
362,ROUGE
363,RIDGE
364,CLERK
365,HONEY
366,DREAD
367,STORY
368,PENIS
369,SPINE
370,PRUNE
371,LEMON
372,MELON
373,SHAPE
374,PHASE
375,NAKED
376,AMEND
377,RADON
378,FREAK
379,ADORN
380,MILES
381,SMILE
382,CRIME
383,INNER
384,FRAME
385,OFTEN
386,WREAK
387,AMUSE
388,SPACE
389,GRAVE
390,BATHE
391,PRICE
392,TERRY
393,FIERY
394,STARK
395,PAUSE
396,SALES
397,OPINE
398,LEASE
399,HERBS
400,USAGE
401,RACER
402,CARER
403,SMART
404,WAGER
405,CAMEO
406,MEDAL
407,DECAY
408,BORED
409,SALON
410,ACORN
411,EDICT
412,TOWEL
413,STRAP
414,PARTS
415,LIKEN
416,BONES
417,YIELD
418,MEDIA
419,PEDAL
420,PLEAD
421,RADIO
422,DRAIN
423,ETHIC
424,CAMEL
425,CAROL
426,CORAL
427,WHEAT
428,FRESH
429,NASTY
430,FACET
431,PLACE
432,LEAFY
433,SPERM
434,GRANT
435,BRIDE
436,SNAIL
437,SCREW
438,LUNAR
439,PIETY
440,HOVER
441,SALTY
442,HOUSE
443,SOLVE
444,WHORE
445,COVER
446,ADOBE
447,ABODE
448,POKER
449,NOBLE
450,EXIST
451,BRAVE
452,FORCE
453,CRUDE
454,DRIVE
455,DIVER
456,SHORT
457,ABUSE
458,RHYME
459,DETER
460,FRIED
461,GROPE
462,EXTOL
463,WEIRD
464,TENSE
465,SHAVE
466,MERCY
467,SWINE
468,GRAZE
469,BLADE
470,MONEY
471,DEPOT
472,TOURS
473,NOVEL
474,SPEAK
475,THERE
476,ETHER
477,THREE
478,FELON
479,TURNS
480,GAMES
481,ABIDE
482,OUNCE
483,UPSET
484,SETUP
485,STEEL
486,WAVER
487,PRIME
488,FLIES
489,FILES
490,ERECT
491,GUEST
492,THORN
493,NORTH
494,LEWIS
495,COMET
496,TONNE
497,PAGES
498,WAFER
499,SHIRT
500,ESSAY
501,EXACT
502,ABORT
503,SITES
504,HAVEN
505,UTTER
506,GRIPE
507,CABLE
508,SCARY
509,STAND
510,LAITY
511,MANOR
512,ROMAN
513,PAPER
514,NICHE
515,EAGER
516,AGREE
517,RANDY
518,OMEGA
519,OLIVE
520,STRAW
521,IRONY
522,UNCLE
523,APRON
524,LEVIN
525,GROAN
526,ORGAN
527,DATED
528,PARIS
529,HALVE
530,COAST
531,DRESS
532,COSTA
533,MORAL
534,CHILE
535,DEMOS
536,WHALE
537,SCANT
538,LEFTY
539,DERBY
540,TWEAK
541,EIGHT
542,MAPLE
543,AMPLE
544,POLAR
545,FECAL
546,GLEAM
547,HEATH
548,DAIRY
549,DIARY
550,PROBE
551,VALUE
552,JONES
553,SHALT
554,SHEER
555,CHART
556,SPEND
557,HOMES
558,IMAGE
559,ZEBRA
560,ALLEY
561,ORDER
562,ERODE
563,RODEO
564,TITLE
565,ELITE
566,GRAIN
567,LORDS
568,HAIRY
569,MOVER
570,CYBER
571,MONDE
572,DEMON
573,SCORN
574,REUSE
575,PARTY
576,TRAWL
577,BIKER
578,MOUSE
579,SCOPE
580,MOWER
581,PROVE
582,GROVE
583,BUYER
584,HELMS
585,GRAIL
586,FORGE
587,LOOSE
588,POWER
589,CRORE
590,ELDER
591,SHARD
592,STORM
593,SHEIK
594,MODEL
595,GENUS
596,PERCH
597,CARDS
598,PHONE
599,TIDAL
600,RIDER
601,SAVOR
602,SPORT
603,PORTS
604,BARON
605,ENVOY
606,DEBIT
607,LODGE
608,RERUN
609,ANTIC
610,DENIM
611,FETUS
612,METRE
613,METER
614,PULSE
615,SPICE
616,CRASH
617,GIVER
618,CEASE
619,LEONE
620,WAGES
621,BLEAK
622,PETER
623,BLAME
624,GREET
625,GRIEF
626,SKIRT
627,LABOR
628,STONY
629,ISLES
630,TEMPO
631,RULER
632,GUISE
633,RHINO
634,LANDS
635,EXPAT
636,HAZEL
637,FOLEY
638,RUSTY
639,AWARE
640,SPRAY
641,LIONS
642,MINCE
643,GABLE
644,STRIP
645,HINGE
646,NEWLY
647,ROWAN
648,BRAIN
649,ROACH
650,GLIDE
651,START
652,STARS
653,VEGAN
654,HEAVY
655,RANCH
656,LUNGE
657,MAYOR
658,PEACH
659,CHEAP
660,FLAKE
661,THIEF
662,DIRTY
663,LINEN
664,FLAME
665,FLORA
666,WHITE
667,EVICT
668,ANGST
669,FLUTE
670,HASTY
671,TWICE
672,ANGRY
673,AORTA
674,TAROT
675,PRINT
676,STALK
677,TRACK
678,EQUAL
679,SHOVE
680,SMOKE
681,TODAY
682,CHAIR
683,WHOSE
684,JOKER
685,HOWES
686,TRULY
687,SPREE
688,PRESS
689,BLEND
690,DEVON
691,MIXER
692,REMIX
693,TANGO
694,RIVAL
695,VIRAL
696,BLUES
697,ALTAR
698,FRAIL
699,FLAIR
700,ENDOW
701,VENUS
702,ROMEO
703,BERET
704,BRIEF
705,FIBRE
706,DRYER
707,SHELF
708,TRAIT
709,FLESH
710,WELSH
711,GORGE
712,ROGER
713,FROST
714,ABOVE
715,PRIZE
716,PLANT
717,THESE
718,SHEET
719,GREEN
720,GENRE
721,YOURS
722,VIDEO
723,ENJOY
724,PATIO
725,GNOME
726,CURVE
727,SPIKE
728,SHARK
729,QUEST
730,MARSH
731,PAINT
732,GIANT
733,QUERY
734,BEACH
735,MASSE
736,DEPTH
737,RINGS
738,WIDEN
739,BOAST
740,WHOLE
741,CLOVE
742,SHARP
743,REPEL
744,PURGE
745,MAYBE
746,BOXER
747,MASON
748,CRONY
749,ORBIT
750,CRUST
751,SANDY
752,FRONT
753,SCRAP
754,FABLE
755,VOICE
756,DEVIL
757,MINOR
758,PLAIT
759,PIPER
760,TENTH
761,TORCH
762,FIRST
763,NOISY
764,QUOTE
765,WHINE
766,FIELD
767,WRIST
768,GRAND
769,WIELD
770,HARDY
771,SUPRA
772,ABATE
773,HOIST
774,SUGAR
775,THIRD
776,HEFTY
777,GROIN
778,MAIZE
779,BLAST
780,MACRO
781,GLAZE
782,CRANK
783,SADLY
784,BATON
785,OVARY
786,LOTUS
787,EMPTY
788,COURT
789,DRAFT
790,FORAY
791,WHILE
792,CARGO
793,DAISY
794,PLANS
795,SLANG
796,ELECT
797,TITHE
798,NEXUS
799,RAPID
800,UNITS
801,DOZEN
802,BLOAT
803,WAIVE
804,QUITE
805,QUIET
806,VERSE
807,RALPH
808,SEVER
809,SERVE
810,WRATH
811,DENSE
812,APPLE
813,LEGAL
814,EAGLE
815,TRAMP
816,ALGAE
817,CRAFT
818,LYRIC
819,SEWER
820,MURAL
821,TONIC
822,BURKE
823,VISTA
824,OXIDE
825,FLIRT
826,AMINO
827,LOGAN
828,ALONG
829,INDEX
830,SWORN
831,WAIST
832,EXERT
833,FAIRY
834,CHANT
835,CIGAR
836,PIANO
837,REBEL
838,CREED
839,BLOKE
840,ROVER
841,SCENE
842,HAUNT
843,NERVE
844,NEVER
845,OFFER
846,FLOAT
847,BOARD
848,BROAD
849,ADULT
850,BRIBE
851,PESKY
852,WRECK
853,DAILY
854,DEBUT
855,BRAND
856,ENSUE
857,SCOUR
858,GLOBE
859,RENEW
860,SHELL
861,VISOR
862,TANGY
863,CHEER
864,LATCH
865,CHOKE
866,WOMEN
867,ROUND
868,ROBIN
869,BADGE
870,AUDIT
871,CHEMO
872,UNTIL
873,ROOST
874,TORSO
875,ROOTS
876,KERRY
877,BLAZE
878,FAINT
879,MERRY
880,PLAIN
881,TWAIN
882,ALIGN
883,LEVER
884,REVEL
885,MARKS
886,HANDS
887,HELIX
888,NUDGE
889,EPOCH
890,BINGE
891,BEING
892,BEGIN
893,STEEP
894,TURKS
895,COBRA
896,DIODE
897,COVEY
898,SWIPE
899,APTLY
900,PERRY
901,RECUR
902,RISKY
903,VITAL
904,RIVER
905,SPARK
906,PARKS
907,SOLID
908,INDIE
909,FAMED
910,MOVIE
911,HELLO
912,SCARF
913,GLOVE
914,BRAID
915,RABID
916,SONIC
917,ISSUE
918,AHEAD
919,PAVED
920,SPURT
921,BASIN
922,URBAN
923,KNIFE
924,TEDDY
925,CELLO
926,CHAOS
927,SWIRL
928,GRASP
929,FETCH
930,LABEL
931,HONDA
932,CHIME
933,CHOIR
934,GIVEN
935,TAXON
936,GUIDE
937,MOIST
938,TUMOR
939,FORTY
940,STINK
941,TRUNK
942,NIECE
943,GLORY
944,PRANK
945,BASIL
946,CACHE
947,POSIT
948,MATHS
949,FRANC
950,TROLL
951,LOUIS
952,CLASH
953,TOAST
954,STING
955,STACK
956,GRUNT
957,XEROX
958,INCUR
959,VALVE
960,LEAVE
961,VAGUE
962,TRICK
963,KRAFT
964,FELLA
965,PAYEE
966,GIRTH
967,ADOPT
968,RIGHT
969,ALOUD
970,PALSY
971,COLIN
972,CRAWL
973,SILVA
974,SPLIT
975,VICAR
976,THANK
977,AGONY
978,GRAFT
979,PRIMA
980,POINT
981,ATLAS
982,QUART
983,STALL
984,TRACT
985,AUDIO
986,MOOSE
987,BESET
988,RALLY
989,ROCKS
990,BERRY
991,BENCH
992,SEMEN
993,MANLY
994,ADMIT
995,CHAIN
996,CHINA
997,GOOSE
998,GREED
999,SPECK
1000,SYNOD
1001,BURST
1002,CORPS
1003,PILOT
1004,BELOW
1005,ELBOW
1006,BOWEL
1007,YACHT
1008,ERROR
1009,TOTAL
1010,ALLOT
1011,THROB
1012,BROTH
1013,SLEEK
1014,CREEK
1015,HYDRO
1016,UNITY
1017,SMELL
1018,ROLLS
1019,NATAL
1020,FINAL
1021,EVERY
1022,NEEDY
1023,ANNEX
1024,SPELL
1025,SLEEP
1026,SWEET
1027,CREEP
1028,FERRY
1029,TITAN
1030,TAINT
1031,BOXES
1032,TURBO
1033,DRINK
1034,SWARM
1035,MOURN
1036,BURNT
1037,BRUNT
1038,VOWEL
1039,UPPER
1040,RUPEE
1041,HARSH
1042,SIEGE
1043,PIXEL
1044,CRISP
1045,KNEEL
1046,SHADY
1047,FORTH
1048,EDEMA
1049,SOUTH
1050,SHOUT
1051,EERIE
1052,WORTH
1053,THROW
1054,GRIND
1055,BIRTH
1056,EVENT
1057,ABBEY
1058,WELCH
1059,SHUNT
1060,SNACK
1061,CROFT
1062,NOMAD
1063,NAZIS
1064,SHINY
1065,SCOUT
1066,MICRO
1067,ADAGE
1068,LINKS
1069,CHIEF
1070,LOUSY
1071,FRANK
1072,IVORY
1073,VAPOR
1074,DRIFT
1075,SPOIL
1076,PLUME
1077,NOTCH
1078,MARCH
1079,CHARM
1080,QUAKE
1081,GENIE
1082,CYCLE
1083,MECCA
1084,TWINS
1085,GUARD
1086,SLACK
1087,SLING
1088,FLEET
1089,SHAFT
1090,OBESE
1091,HANDY
1092,BREED
1093,NASAL
1094,PETTY
1095,SWATH
1096,WHATS
1097,CODEX
1098,OASIS
1099,MISTY
1100,PEACE
1101,STAMP
1102,HOGAN
1103,CANDY
1104,ABOUT
1105,CURLY
1106,CLASP
1107,SCALP
1108,COUNT
1109,CLOTH
1110,SWORD
1111,GLAND
1112,GAUGE
1113,BURNS
1114,TASTY
1115,LOGIN
1116,CLOAK
1117,LINGO
1118,FRUIT
1119,BLESS
1120,BELLS
1121,HABIT
1122,APART
1123,ALIAS
1124,CLOUT
1125,LAURA
1126,RURAL
1127,AURAL
1128,CIRCA
1129,SEVEN
1130,DEFER
1131,EPOXY
1132,MANIC
1133,CHESS
1134,FLINT
1135,SOUND
1136,BISON
1137,DROWN
1138,CHORD
1139,MESSY
1140,CODEC
1141,SORRY
1142,PANIC
1143,WHERE
1144,SCOLD
1145,GREEK
1146,CRUSH
1147,JERRY
1148,MERGE
1149,SMIRK
1150,FAITH
1151,WELLS
1152,SWELL
1153,BRAVO
1154,CLAIM
1155,REVUE
1156,VAULT
1157,DISCO
1158,UNDUE
1159,WORLD
1160,FAULT
1161,CROWN
1162,TALLY
1163,HENCE
1164,PRISM
1165,STOCK
1166,IMBUE
1167,SYRUP
1168,BULGE
1169,CHEVY
1170,VIRUS
1171,ROCKY
1172,VOGUE
1173,PRONG
1174,GHOST
1175,ENEMY
1176,EVADE
1177,STRUT
1178,TRUST
1179,ELUDE
1180,BIBLE
1181,LIBEL
1182,MIDST
1183,CHURN
1184,THEME
1185,GRASS
1186,MAJOR
1187,BLAND
1188,BACON
1189,STUDY
1190,DUSTY
1191,LOCUS
1192,PENNY
1193,TOXIN
1194,SHAWN
1195,FAVOR
1196,BASIC
1197,SPOUT
1198,STOOL
1199,TOOLS
1200,SHAKY
1201,FLOUR
1202,KELLY
1203,TENET
1204,MONTH
1205,HEAVE
1206,CRAZY
1207,LORRY
1208,ARMOR
1209,AROMA
1210,FRAUD
1211,SMITH
1212,WEIGH
1213,TROUT
1214,TUTOR
1215,JUICE
1216,FLASH
1217,STICK
1218,TRUCK
1219,STINT
1220,SIGHT
1221,PSALM
1222,MOUNT
1223,CRAMP
1224,WHIRL
1225,STASH
1226,GRAPH
1227,AVOID
1228,HARRY
1229,MANGO
1230,GRAVY
1231,JOINT
1232,CABIN
1233,SQUAT
1234,ALARM
1235,SIGMA
1236,SALLY
1237,CARRY
1238,THINK
1239,YOUTH
1240,STILL
1241,ANNOY
1242,VOCAL
1243,MARIA
1244,LOFTY
1245,SPEED
1246,DATUM
1247,FOCAL
1248,WORKS
1249,BRISK
1250,PLANK
1251,MIXED
1252,THING
1253,NIGHT
1254,VALID
1255,TOPIC
1256,OPTIC
1257,MATCH
1258,QUOTA
1259,NIFTY
1260,ALLOY
1261,LOYAL
1262,SEIZE
1263,MODEM
1264,SENSE
1265,CROSS
1266,SHEEP
1267,DRUGS
1268,PATCH
1269,BRASS
1270,DONOR
1271,INPUT
1272,BENNY
1273,LIGHT
1274,DODGE
1275,BANKS
1276,TAUNT
1277,VERGE
1278,DRUNK
1279,BRINK
1280,SHRUG
1281,QUEER
1282,CAPUT
1283,GUESS
1284,HONOR
1285,CALIF
1286,FIRMS
1287,SNOWY
1288,PROUD
1289,DROOL
1290,GUILT
1291,BELLY
1292,ARBOR
1293,HUMOR
1294,TACIT
1295,ATTIC
1296,PORCH
1297,BRING
1298,WRONG
1299,SANDS
1300,EXILE
1301,DROID
1302,STOMP
1303,LEDGE
1304,SIXTY
1305,PENCE
1306,ROUGH
1307,MOTOR
1308,SHACK
1309,THEFT
1310,ADDED
1311,CHASM
1312,COLOR
1313,GROWL
1314,VIGOR
1315,SALAD
1316,MINUS
1317,DOING
1318,TEMPT
1319,TROOP
1320,DONNA
1321,SPAWN
1322,PIOUS
1323,DRILL
1324,BLANK
1325,AWAKE
1326,BADLY
1327,SLICK
1328,SHIFT
1329,FLASK
1330,RABBI
1331,ARROW
1332,WRING
1333,SAUNA
1334,BLUNT
1335,EQUIP
1336,PIECE
1337,SHALL
1338,SLASH
1339,TRUMP
1340,WOMAN
1341,MACHO
1342,BATCH
1343,CLASS
1344,LYNCH
1345,MARRY
1346,TOUCH
1347,DITCH
1348,LARVA
1349,CANON
1350,POACH
1351,WAGON
1352,PASTA
1353,USUAL
1354,SHRUB
1355,PARRY
1356,BRUSH
1357,HUMAN
1358,CHANG
1359,SWEDE
1360,FLANK
1361,WEBER
1362,CHALK
1363,SCRUB
1364,FANCY
1365,VINYL
1366,LOGIC
1367,BONUS
1368,DOWNS
1369,BROWN
1370,FIXED
1371,LOCAL
1372,CLING
1373,BLEED
1374,DEBUG
1375,CANAL
1376,WATCH
1377,UNFIT
1378,FILTH
1379,FECES
1380,GROSS
1381,HAIKU
1382,BLOND
1383,FEVER
1384,LAUGH
1385,CROWD
1386,GAMUT
1387,FEWER
1388,ROBOT
1389,SIXTH
1390,DELVE
1391,MORON
1392,FROWN
1393,SONNY
1394,QUAIL
1395,BIRCH
1396,BEGET
1397,FUDGE
1398,HOUND
1399,DWELL
1400,JENNY
1401,SHOOT
1402,FENCE
1403,AMAZE
1404,RAZOR
1405,VENUE
1406,SCUBA
1407,BLIND
1408,SCOTS
1409,KINGS
1410,DRAMA
1411,DWARF
1412,WHEEL
1413,SMACK
1414,EJECT
1415,STOUT
1416,JELLY
1417,GROUP
1418,STUCK
1419,FRITZ
1420,TOXIC
1421,STUNT
1422,GARDA
1423,CLOUD
1424,AXIOM
1425,COULD
1426,GODLY
1427,DOGMA
1428,WEAVE
1429,PRIOR
1430,WHARF
1431,RIGOR
1432,PRICK
1433,CLOWN
1434,BIGOT
1435,QUARK
1436,TRUTH
1437,CRACK
1438,SPICY
1439,ABBOT
1440,TABOO
1441,SMALL
1442,MOUTH
1443,PRIVY
1444,HAVOC
1445,NYLON
1446,YOUNG
1447,CHILD
1448,DITTO
1449,IDIOT
1450,STAFF
1451,SILLY
1452,LUNCH
1453,WATTS
1454,GLASS
1455,VOMIT
1456,TOUGH
1457,OUGHT
1458,MOTIF
1459,GRILL
1460,YAHOO
1461,FOLIC
1462,PIVOT
1463,KOALA
1464,LUCID
1465,SEEDS
1466,THICK
1467,ALAMO
1468,EBOOK
1469,NINTH
1470,WALTZ
1471,BROCK
1472,NANCY
1473,WEEKS
1474,PITCH
1475,JOHNS
1476,CLAMP
1477,KUDOS
1478,MANIA
1479,CATCH
1480,HATCH
1481,PROXY
1482,BLOGS
1483,KNOWS
1484,SHOCK
1485,SWEEP
1486,TAMMY
1487,MAGIC
1488,AGING
1489,AGAIN
1490,REEVE
1491,EVOKE
1492,EXCEL
1493,SMOKY
1494,QUILT
1495,HEDGE
1496,FATAL
1497,REFER
1498,PATTY
1499,JUDGE
1500,BRICK
1501,CHEEK
1502,CHECK
1503,DOUBT
1504,AWAIT
1505,MOUND
1506,BANJO
1507,BEIGE
1508,FORUM
1509,QUEEN
1510,SQUAD
1511,HICKS
1512,POUND
1513,BASAL
1514,BINGO
1515,BOING
1516,STOOP
1517,VODKA
1518,HAWKS
1519,COLBY
1520,FLOOR
1521,CISCO
1522,OCCUR
1523,MURKY
1524,MOULD
1525,BASIS
1526,LIMBO
1527,AWARD
1528,PLUSH
1529,CHIPS
1530,BHANG
1531,WINGS
1532,SWING
1533,BLINK
1534,ROTOR
1535,QUELL
1536,STUMP
1537,KARMA
1538,MUSIC
1539,SINUS
1540,HILLS
1541,COLON
1542,DUTCH
1543,BITCH
1544,BLACK
1545,SWIFT
1546,WINDY
1547,FALLS
1548,WALLS
1549,WIDTH
1550,JIHAD
1551,ALBUM
1552,COACH
1553,PINCH
1554,BYLAW
1555,UNION
1556,ARRAY
1557,ADAPT
1558,GUILD
1559,NAVAL
1560,MILKY
1561,FLING
1562,MIGHT
1563,ALLOW
1564,UNIFY
1565,WITCH
1566,NAPPY
1567,AVIAN
1568,IMPLY
1569,BEECH
1570,MEMES
1571,BOUND
1572,BOOTS
1573,BOOST
1574,LIMIT
1575,FUNDS
1576,FATTY
1577,EXPEL
1578,APPLY
1579,PLAYA
1580,BLUSH
1581,AVAIL
1582,VILLA
1583,SPOON
1584,SNOOP
1585,CLUBS
1586,USURP
1587,CROOK
1588,FOCUS
1589,RUGBY
1590,FOUND
1591,HUSKY
1592,KIOSK
1593,ABYSS
1594,WOUND
1595,PSYCH
1596,RUMOR
1597,GLOSS
1598,WORRY
1599,FLUSH
1600,SUNNY
1601,SMASH
1602,RIGID
1603,SLUMP
1604,RADAR
1605,BUILD
1606,DOLLY
1607,ODDLY
1608,WOULD
1609,BLITZ
1610,SWAMP
1611,HURRY
1612,QUIRK
1613,SKILL
1614,SAVVY
1615,OUTDO
1616,MILLS
1617,VISIT
1618,CURRY
1619,LOGON
1620,STIFF
1621,PANDA
1622,HOLLY
1623,SPILL
1624,TWIST
1625,BOOZE
1626,FINCH
1627,TOMMY
1628,SALSA
1629,MOGUL
1630,GOING
1631,COMMA
1632,KNACK
1633,EMBED
1634,BROOD
1635,OPIUM
1636,FLUID
1637,CHAMP
1638,LUCKY
1639,CYNIC
1640,FANNY
1641,WACKY
1642,POLIO
1643,FIGHT
1644,NINJA
1645,HITCH
1646,ALPHA
1647,KITTY
1648,BOGUS
1649,AWFUL
1650,BUSHY
1651,WALLY
1652,DUCKS
1653,CRUMB
1654,GULAG
1655,BELLE
1656,WEDGE
1657,BLOCK
1658,CONDO
1659,PROMO
1660,FLOSS
1661,GROOM
1662,SQUID
1663,BLISS
1664,BLURB
1665,DOUGH
1666,JEWEL
1667,LEVEL
1668,SNIFF
1669,CHUNK
1670,FLOCK
1671,RUMMY
1672,SPASM
1673,MUNCH
1674,SUSHI
1675,CLIMB
1676,HUMID
1677,POUCH
1678,COUGH
1679,WILLS
1680,PUNCH
1681,PHOTO
1682,ASSAY
1683,MOLLY
1684,LYMPH
1685,MULCH
1686,TIMID
1687,COOPT
1688,WHACK
1689,PADDY
1690,GLYPH
1691,MANGA
1692,DIGIT
1693,FLICK
1694,GINNY
1695,FAUNA
1696,CHILL
1697,CHILI
1698,BROOK
1699,PAGAN
1700,NANNY
1701,BROOM
1702,HAPPY
1703,JESSE
1704,TIGHT
1705,THIGH
1706,GOODS
1707,FIFTY
1708,WITTY
1709,SHOPS
1710,SAMBA
1711,SCOOP
1712,BUNCH
1713,BOOTH
1714,JUROR
1715,PROOF
1716,FORGO
1717,KNOCK
1718,LOBBY
1719,THUMB
1720,SKULL
1721,IDIOM
1722,BULKY
1723,CONGO
1724,STUFF
1725,TUFTS
1726,LUPUS
1727,FURRY
1728,CLOCK
1729,BLIMP
1730,FUNKY
1731,COMIC
1732,FOLLY
1733,ONION
1734,BILLY
1735,LOWLY
1736,FEDEX
1737,CHIMP
1738,LIPID
1739,PLUCK
1740,COCOA
1741,CLUMP
1742,HUTCH
1743,CLICK
1744,FIFTH
1745,TUMMY
1746,JUICY
1747,FOODS
1748,WOODS
1749,BUCKS
1750,MAFIA
1751,WILLY
1752,PUPIL
1753,BLOOD
1754,SHOWS
1755,SPOOK
1756,SCOFF
1757,SNUFF
1758,MOODY
1759,FLOOD
1760,DOGGY
1761,GOODY
1762,PUSSY
1763,WIDOW
1764,AMASS
1765,COUCH
1766,HUNCH
1767,KIDDY
1768,JOLLY
1769,GLOOM
1770,TOOTH
1771,MAXIM
1772,JAPAN
1773,DADDY
1774,PLAZA
1775,BOOKS
1776,BOSOM
1777,PIZZA
1778,CIVIL
1779,CLIFF
1780,GULLY
1781,PAPAL
1782,SPOOF
1783,HOBBY
1784,SWOOP
1785,ABBAS
1786,BLOOM
1787,PEEVE
1788,MUCUS
1789,KNOWN
1790,WOODY
1791,QUEUE
1792,BUNNY
1793,GYPSY
1794,BULLY
1795,MOTTO
1796,AFFIX
1797,CHICK
1798,FUNNY
1799,QUICK
1800,FULLY
1801,KAYAK
1802,VIGIL
1803,DIZZY
1804,MUDDY
1805,DUMMY
1806,GOOFY
1807,CUBIC
1808,MADAM
1809,WHICH
1810,JUMBO
1811,COOMB
1812,COMBO
1813,BUDDY
1814,HUBBY
1815,WHOOP
1816,SWISS
1817,MOMMY
1818,CHUCK
1819,POPPY
1820,JIMMY
1821,KAPPA
1822,GAMMA
1823,BOBBY
1824,BLUFF
1825,BUGGY
1826,MIMIC
1827,BUFFY
1828,VIVID
1829,YUMMY
1830,MUMMY
1831,CIVIC
1832,FLUFF
1833,PUPPY
1834,FUZZY
